,Unnamed: 0,__id_left,__id_right,match_score,match_rank,ADDRESS,Name,X,Y,description,timestamp,begin,end,altitudeMode,tessellate,extrude,visibility,drawOrder,icon,Site ID,JANUARY,FEBRUARY,March,APRIL,MAY,JUNE,JULY,AUGUST,SEPTEMBER,OCTOBER,NOVEMBER ,DECEMBER,AVERAGE,National BIAS ADJ FACTOR  6/15 update,ADJUSTED,DC(%),Local Bias Adj factor,local adjusted,same order as gradko results
0,0,0_left,52_right,0.26856367800000003,1,6 SANDRINGHAM ROAD,6 SANDRINGHAM ROAD,-1.3698066,50.9277541,"Nitrogen Dioxide Diffusion Tube Operational<br><br>7.3 metres from the kerb<br>Receptor is 7.3 metres from the kerb<br><br>Grid reference 444,386 - 114,450<br><br>2003 = location established<br>2004 = 20.7 ug/m3 with 75% data capture<br>2005 = 24.2 ug/m3 with 100% data capture<br>2006 = 19.1 ug/m3 with 100% data capture<br>2007 = 20.6 ug/m3 with 100% data capture<br>2008 = 20.2 ug/m3 with 92% data capture<br>2009 = 19.9 ug/m3 with 100% data capture<br>2010 = 21 ug/m3 with 92% data capture<br>2011 = 19.6 ug/m3 with 83% data capture<br>2012 = 19 ug/m3 with 91% data capture<br>2013 = 20.38 ug/m3 with 83% data capture<br>2014 = 20.5 ug/m3 with 92% data capture<br>2015 = 17.2 ug/m3 with 91% data capture<br><br>Scaled factor of 0.91 for 2015 & 2014, 0.95 for 2013, 0.97 for 2012, 0.89 for 2011, 0.9 for 2010-2007, 0.76 for 2006, 0.86 for 2005, 0.904 for 2004, 0.975 for 2003 and 0.73 for 2002.<br><br>All scaled annual means.",,,,,-1,0,-1,,,N100,33.2,22.3,19.6,15.1,14.8,13.4,16.2,15.0,14.7,22.1,26.2,20.9,19.458333333333332,0.89,17.317916666666665,100.0,0.95,18.485416666666666,
1,1,1_left,61_right,0.35158365799999997,1,REDBRIDGE SCHOOL AMS (FENCE),REDBRIDGE SCHOOL FENCE,-1.4671803999999997,50.9217185,,,,,,-1,0,-1,,,N101,75.0,54.2,67.5,50.5,46.7,35.8,47.39635771604939,50.54521527777778,57.6,57.493246695402306,64.93033970588236,57.4,55.422096616259324,0.89,49.3256659884708,100.0,0.95,52.65099178544636,13.0
2,2,2_left,13_right,0.26601029,1,64 BURGESS ROAD,64 BURGESS ROAD 1,-1.4080017,50.935530799999995,"Nitrogen Dioxide Diffusion Tube Operational<br><br>3 metres from the kerb<br>Receptor is 3 metres from the kerb<br><br>Grid reference 441,675 - 115,279<br><br>2009 = location established<br>2010 = 32.3 ug/m3 with 67% data capture<br>2011 = 32.1 ug/m3 with 100% data capture<br>2012 = 32 ug/m3 with 100% data capture<br>2013 = 33.3 ug/m3 with 100% data capture<br>2014 = 33.3 ug/m3 with 83% data capture<br>2015 = 29.8 ug/m3 with 83% data capture<br><br>Scaled factor of 0.91 for 2015 & 2014, 0.95 for 2013, 0.97 for 2012, 0.89 for 2011, 0.9 for 2010-2007, 0.76 for 2006, 0.86 for 2005, 0.904 for 2004, 0.975 for 2003 and 0.73 for 2002.<br><br>All scaled annual means.",,,,,-1,0,-1,,,N102,52.5,57,37.1,27.7,32.77078489583333,29.9,,27.73863042929293,32.4,35.298386904761905,39.9,32.3,36.782527475444375,0.89,32.7364494531455,91.0,0.95,34.94340110167216,52.0
3,3,3_left,26_right,0.23200001,1,485 MILLBROOK ROAD,485 MILLBROOK ROAD,-1.4493463,50.914286,"Nitrogen Dioxide Diffusion Tube Operational<br><br>13 metres from the kerb<br>Receptor is 13 metres from the kerb<br><br>Grid reference 438,807 - 112,908<br><br>2006 = location established<br>2007 = 38.9 ug/m3 with 16% data capture<br>2008 = 38.4 ug/m3 with 100% data capture<br>2009 = 37.4 ug/m3 with 100% data capture<br>2010 = 31.3 ug/m3 with 100% data capture<br>2011 = 33.3 ug/m3 with 100% data capture<br>2012 = 34.7 ug/m3 with 100% data capture<br>2013 = 32.3 ug/m3 with 92% data capture<br>2014 = 34.9 ug/m3 with 100% data capture<br>2015 = 31.7 ug/m3 with 100% data captured<br><br>Scaled factor of 0.91 for 2015 & 2014, 0.95 for 2013, 0.97 for 2012, 0.89 for 2011, 0.9 for 2010-2007, 0.76 for 2006, 0.86 for 2005, 0.904 for 2004, 0.975 for 2003 and 0.73 for 2002.<br><br>All scaled annual means.",,,,,-1,0,-1,,,N103,49.5,37.4,42.8,30.7,35.0,29.5,30.567062345679012,32.510414930555555,35.4,39.13209841954023,35.50698799019608,38.3,36.35971364049757,0.89,32.36014514004283,100.0,0.95,34.541727958472684,7.0
4,4,4_left,43_right,0.619517824,1,REGENTS PARK JUNCTION,REGENTS PARK JUNCTION,-1.4433878999999998,50.9137784,"Nitrogen Dioxide Diffusion Tube Operational<br><br>24 metres from the kerb<br>Receptor is 26 metres from the kerb<br><br>Grid reference 439,218 - 112,850<br><br>2001 = location established<br>2002 = 34.8 ug/m3 (no data for data capture)<br>2003 = 53 ug/m3 with 66% data capture<br>2004 = 43.1 ug/m3 with 100% data capture<br>2005 = 40.51 ug/m3 with 100% data capture<br>2006 = 39.4 ug/m3 with 92% data capture<br>2007 = 43.4 ug/m3 with 91% data capture<br>2008 = 45.5 ug/m3 with 100% data capture<br>2009 = 41.7 ug/m3 with 100% data capture<br>2010 = 37.5 ug/m3 with 100% data capture<br>2011 = 42 ug/m3 with 83% data capture<br>2012 = 41.6 ug/m3 with 100% data capture<br>2013 = 41.2 ug/m3 with 100% data capture<br>2014 = 42.3 ug/m3 with 92% data capture<br>2015 = 38.4 ug/m3 with 100% data capture<br><br>Scaled factor of 0.91 for 2015 & 2014, 0.95 for 2013, 0.97 for 2012, 0.89 for 2011, 0.9 for 2010-2007, 0.76 for 2006, 0.86 for 2005, 0.904 for 2004, 0.975 for 2003 and 0.73 for 2002.<br><br>All scaled annual means.",,,,,-1,0,-1,,,N104,58.1,50.3,39.5,37.1,46.5,36.3,40.68672191358024,34.65707372685185,42.6,42.1626367816092,41.6631287990196,25.0,41.21413010175508,0.89,36.680575790562024,100.0,0.95,39.153423596667324,12.0
5,5,5_left,45_right,0.196319766,1,2 ROMSEY ROAD,2 ROMSEY ROAD,-1.4357212,50.923921500000006,"Nitrogen Dioxide Diffusion Tube Operational<br><br>6.3 metres from the kerb<br>Receptor is 6.3 metres from kerb<br><br>Grid reference 439,754 - 113,982<br><br>2008 = location established<br>2009 = 41.6 ug/m3 with 92% data capture<br>2010 = 35.9 ug/m3 with 92% data capture<br>2011 = 37.1 ug/m3 with 100% data capture<br>2012 = 40 ug/m3 with 100% data capture<br>2013 = 39.9 ug/m3 with 83% data capture<br>2014 = 43.6% ug/m3 with 100% data capture<br>2015 = 37.9 ug/m3 with 91% data capture<br><br>Scaled factor of 0.91 for 2015 & 2014, 0.95 for 2013, 0.97 for 2012, 0.89 for 2011, 0.9 for 2010-2007, 0.76 for 2006, 0.86 for 2005, 0.904 for 2004, 0.975 for 2003 and 0.73 for 2002.<br><br>All scaled annual means.",,,,,-1,0,-1,,,N106,52.7,41,49.0,38.0,43.0,40.1,41.298233024691356,40.10257107142858,36.9,43.871144791666666,39.99889681372549,35.2,41.76423714179267,0.89,37.17017105619548,100.0,0.95,39.67602528470304,20.0
6,6,6_left,19_right,0.279227522,1,CRANBURY PLACE,CRANBURY PLACE,-1.3986611999999998,50.9140021,"Nitrogen Dioxide Diffusion Tube Operational<br><br>2 metres from the kerb<br>Receptor 2.5 metres from the kerb<br><br>Grid reference 442,367 - 112,896<br><br>2001 = location established<br>2002 = 51.8 ug/m3 (no data for data capture)<br>2003 = 53.5 ug/m3 with 92% data capture<br>2004 = 49.5 ug/m3 with 100% data capture<br>2005 = 50.48 ug/m3 with 92% data capture<br>2006 = 52.9 ug/m3 with 100% data capture<br>2007 = 57.3 ug/m3 with 91% data capture<br>2008 = 61.6 ug/m3 with 100% data capture<br>2009 = 57.8 ug/m3 with 100% data capture<br>2010 = 48.9 ug/m3 with 92% data capture<br>2011 = 49.8 ug/m3 with 100% data capture<br>2012 = 51.2 ug/m3 with 83% data capture<br>2013 = 51 ug/m3 with 92% data capture<br>2014 = 50.5 ug/m3 with 92% data capture<br>2015 = 53.7 ug/m3 with 83% data capture<br><br>Scaled factor of 0.91 for 2015 & 2014, 0.95 for 2013, 0.97 for 2012, 0.89 for 2011, 0.9 for 2010-2007, 0.76 for 2006, 0.86 for 2005, 0.904 for 2004, 0.975 for 2003 and 0.73 for 2002.<br><br>All scaled annual means.",,,,,-1,0,-1,,,N107,68.7,65.6,53.0,43.2,51.52936597222222,42.2,50.4,49.55937843137255,52.0,56.1,62.6,32.6,52.29072870029956,0.89,46.53874854326661,100.0,0.95,49.67619226528458,43.0
7,7,7_left,4_right,0.44325440899999996,1,72 BEVOIS VALLEY,72 BEVOIS VALLEY ROAD,-1.3955723,50.9171244,"Nitrogen Dioxide Diffusion Tube Operational<br><br>4.5 metres from the kerb<br>Receptor is 5 metres from the kerb<br><br>Grid reference 442,585 - 113,250<br><br>2002 = location established<br>2003 = 47.4 ug/m3 with 33% data capture<br>2004 = 37.1 ug/m3 with 83% data capture<br>2005 = 37.41 ug/m3 with 17% data capture<br>2006 = site discontinued<br>2007 = location established<br>2008 = 42.7 ug/m3 with 100% data capture<br>2009 = 45.5 ug/m3 with 92% data capture<br>2010 = 40.7 ug/m3 with 100% data capture<br>2011 = 37 ug/m3 with 91% data capture<br>2012 = 38.7 ug/m3 with 100% data capture<br>2013 = 41.17 ug/m3 with 83% data capture<br>2014 = 38.9 ug/m3 with 92% data capture<br>2015 = 37.2 ug/m3 with 100% data capture<br><br>Scaled factor of 0.91 for 2015 & 2014, 0.95 for 2013, 0.97 for 2012, 0.89 for 2011, 0.9 for 2010-2007, 0.76 for 2006, 0.86 for 2005, 0.904 for 2004, 0.975 for 2003 and 0.73 for 2002.<br><br>All scaled annual means.",,,,,-1,0,-1,,,N109,61.5,54.1,42.4,38.4,44.12195989583333,32.1,36.5,35.653683210784315,,42.6,44.1,38.3,42.70687664605616,0.89,38.009120214989984,91.0,0.95,40.57153281375335,45.0
8,8,8_left,8_right,0.226721261,1,BRINTONS ROAD 1,BRINTONS ROAD 1,-1.395787,50.908165999999994,"Nitrogen Dioxide Diffusion Tube Operational<br>Automatic Monitoring Station<br>12 metres from the kerb Receptor is 12 metres from the kerb<br><br>Grid reference 442,565 - 112,2552001 <br><br>2001 = location established<br>2002 = 30.2 ug/m3 (no data for data capture) <br>2003 = 41.9 ug/m3 with 58% data capture<br>2004 = 33 ug/m3 with 100% data capture<br>2005 = 32.16 ug/m3 with 83% data capture<br>2006 = 31.6 ug/m3 with 100% data capture<br>2007 = 34.4 ug/m3 with 100% data capture}2008 = 37.7 ug/m3 with 100% data capture<br>2009 = 37.3 ug/m3 with 83% data capture<br>2010 = 31.6 ug/m3 with 100% data capture<br>2011 = 26.9 ug/m3 with 100% data capture<br>2012 = 29.1 ug/m3 with 100% data capture<br>2013 = 29.5 ug/m3 with 92% data capture<br>2014 = 29.2 ug/m3 with 92% data capture<br>2015 = 25.4 ug/m3 with 100% data capture<br><br>Scaled factor of 0.91 for 2015 & 2014, 0.95 for 2013, 0.97 for 2012, 0.89 for 2011, 0.9 for 2010-2007, 0.76 for 2006, 0.86 for 2005, 0.904 for 2004, 0.975 for 2003 and 0.73 for 2002.<br><br>All scaled annual means",,,,,-1,0,-1,,,N110,46.9,36.1,32.2,24.6,31.85112951388889,24.0,28.045058467741935,27.908880681818182,31.5,35.4788466954023,31.8,37.0,32.281992946570945,0.89,28.73097372244814,100.0,0.95,30.667893299242397,38.0
9,9,9_left,9_right,0.22085155199999998,1,BRINTONS ROAD 2,BRINTONS ROAD 2,-1.3957772,50.9081658,"Nitrogen Dioxide Diffusion Tube Operational<br>Automatic Monitoring Station<br><br>12 metres from the kerb<br>Receptor is 12 metres from the kerb<br><br>Grid reference 442,565 - 112,255<br><br>2006 = location established<br>2007 = 33.4 ug/m3 with 66% data capture<br>2008 = 34.2 ug/m3 with 100% data capture<br>2009 = 35.9 ug/m3 with 83% data capture<br>2010 = 31.4 ug/m3 with 100% data capture<br>2011 = 27.8 ug/m3 with 100% data capture<br>2012 = 29.1 ug/m3 with 100% data capture<br>2013 = 29.4 ug/m3 with 92% data capture<br>2014 = 29.2 ug/m3 with 92% data capture<br>2015 = 25.9 ug/m3 with 100% data capture<br><br>Scaled factor of 0.91 for 2015 & 2014, 0.95 for 2013, 0.97 for 2012, 0.89 for 2011, 0.9 for 2010-2007, 0.76 for 2006, 0.86 for 2005, 0.904 for 2004, 0.975 for 2003 and 0.73 for 2002.<br><br>All scaled annual means.",,,,,-1,0,-1,,,N111,46.5,36.2,29.1,25.3,31.189455381944445,25.0,28.781090994623657,27.90193169191919,33.9,34.5220426724138,34.3,32.7,32.11621006174176,0.89,28.583426954950166,100.0,0.95,30.510399558654672,39.0
10,10,10_left,10_right,0.23675559399999999,1,BRINTONS ROAD 3,BRINTONS ROAD 3,-1.3957829,50.9081661,"Nitrogen Dioxide Diffusion Tube Operational<br>Automatic Monitoring Station<br><br>12 metres from the kerb<br>Receptor is 12 metres from the kerb<br><br>Grid reference 442,565 - 112,255<br><br>2006 = location established<br>2007 = 34.8 ug/m3 with 66% data capture<br>2008 = 35.8 ug/m3 with 100% data capture<br>2009 = 36.9 ug/m3 with 75% data capture<br>2010 = 30.6 ug/m3 with 100% data capture<br>2011 = 27.9 ug/m3 with 100% data capture<br>2012 = 29.6 ug/m3 with 100% data capture<br>2013 = 28.6 ug/m3 with 100% data capture<br>2014 = 31.2 ug/m3 with 92% data capture<br>2015 = 26.1 ug/m3 with 100% data capture<br><br>Scaled factor of 0.91 for 2015 & 2014, 0.95 for 2013, 0.97 for 2012, 0.89 for 2011, 0.9 for 2010-2007, 0.76 for 2006, 0.86 for 2005, 0.904 for 2004, 0.975 for 2003 and 0.73 for 2002.<br><br>All scaled annual means.",,,,,-1,0,-1,,,N112,48.3,38.1,29.1,25.8,33.661775694444444,26.3,27.503205376344084,29.646128156565656,30.9,,33.8,34.6,32.51919174794129,0.89,28.942080655667752,91.0,0.95,30.893232160544226,40.0
11,11,11_left,7_right,0.238460678,1,206 BITTERNE ROAD,206 BITTERNE ROAD,-1.3736803999999998,50.9173779,"Nitrogen Dioxide Diffusion Tube Operational<br><br>5 metres from the kerb<br>Receptor is 5 metres from the kerb<br><br>Grid reference 444,124 - 113,290<br><br>2006 = location established<br>2007 = 43.1 ug/m3 with 91% data capture<br>2008 = 38.6 ug/m3 with 100% data capture<br>2009 = 39.5 ug/m3 with 92% data capture<br>2010 = 37.3 ugm3 with 100% data capture<br>2011 = 34.5 ug/m3 with 100% data capture<br>2012 = 38.9 ug/m3 with 91% data capture<br>2013 = 39.9 ug/m3 with 100% data capture<br>2014 = 37.9 ug/m3 with 100% data capture<br>2015 = 34.9 ug/m3 with 100% data capture<br><br>Scaled factor of 0.91 for 2015 & 2014, 0.95 for 2013, 0.97 for 2012, 0.89 for 2011, 0.9 for 2010-2007, 0.76 for 2006, 0.86 for 2005, 0.904 for 2004, 0.975 for 2003 and 0.73 for 2002.<br><br>All scaled annual means.",,,,,-1,0,-1,,,N113,50.2,41,41.2,41.3,31.8,37.4,34.5,34.2,36.1,43.8,52.2,40.4,40.34166666666666,0.89,35.90408333333333,100.0,0.95,38.32458333333333,57.0
12,12,12_left,5_right,0.247599273,1,BITTERNE LIBRARY,"BITTERNE LIBRARY, BITTERNE ROAD",-1.3735598999999998,50.917679299999996,"Nitrogen Dioxide Diffusion Tube Operational<br><br>3.5 metres from the kerb<br>Receptor is 2.8 metres from the kerb<br><br>Grid reference 444,134 - 113,311<br><br>2006 = location established<br>2007 = 38.3 ug/m3 with 100% data capture<br>2008 = 43.9 ug/m3 with 67% data capture<br>2009 = 42.5 ug/m3 with 92% data capture<br>2010 = 35.8 ug/m3 with 100% data capture<br>2011 = 36.8 ug/m3 with 100% data capture<br>2012 = 39.5 ug/m3 with 91% data capture<br>2013 = 39.7 ug/m3 with 83% data capture<br>2014 = 39.5 ug/m3 with 92% data capture<br>2015 = 32.8 ug/m3 with 100% data capture<br><br>Scaled factor of 0.91 for 2015 & 2014, 0.95 for 2013, 0.97 for 2012, 0.89 for 2011, 0.9 for 2010-2007, 0.76 for 2006, 0.86 for 2005, 0.904 for 2004, 0.975 for 2003 and 0.73 for 2002.<br><br>All scaled annual means.",,,,,-1,0,-1,,,N114,53.6,40,44.3,35.6,35.8,37.4,33.8,32.0,35.5,40.5,42.5,38.4,39.11666666666666,0.89,34.81383333333333,100.0,0.95,37.16083333333332,58.0
13,13,13_left,41_right,0.23200001,1,54 REDBRIDGE ROAD,54 REDBRIDGE ROAD,-1.4617868,50.919570799999995,"Nitrogen Dioxide Diffusion Tube Operational<br><br>11 metres from the kerb<br>Receptor is 11 metres from the kerb<br><br>Grid reference 437,940 - 113,471<br><br>2008 = location established<br>2009 = 41.3 ug/m3 with 66% data capture<br>2010 = 41.9 ug/m3 with 100% data capture<br>2011 = 39.8 ug/m3 with 83% data capture<br>2012 = 43.3 ug/m3 with 100% data capture<br>2013 = 37.5 ug/m3 with 100% data capture<br>2014 = 40.5 ug/m3 with 100% data coverage<br>2015 = 36.4 ug/m3 with 100% data coverage<br><br>Scaled factor of 0.91 for 2015 & 2014, 0.95 for 2013, 0.97 for 2012, 0.89 for 2011, 0.9 for 2010-2007, 0.76 for 2006, 0.86 for 2005, 0.904 for 2004, 0.975 for 2003 and 0.73 for 2002.<br><br>All scaled annual means.",,,,,-1,0,-1,,,N115,45.7,48,51.3,36.5,44.5,46.7,38.1217725308642,32.70947453703703,36.5,40.37950201149425,39.14233161764706,36.1,41.30442339142021,0.89,36.76093681836399,100.0,0.95,39.2392022218492,10.0
14,14,14_left,42_right,0.23200001,1,57 REDBRIDGE ROAD,57 REDBRIDGE ROAD,-1.461463,50.918903,"Nitrogen Dioxide Diffusion Tube Operational<br><br>11 metres from the kerb - on the downpipe on the left hand side of the door<br>Receptor is 11 metres from the kerb<br><br>Grid reference 437,948 - 113,408<br><br>2008 = location established<br>2009 = 41.5 ug/m3 with 33% data capture<br>2010 = 41.7 ug/m3 with 100% data capture<br>2011 = 39.8 ug/m3 with 100% data capture<br>2012 = 43.2 ug/m3 with 100% data capture<br>2013 = 42.1 ug/m3 with 100% data capture<br>2014 = 41.9 ug/m3 with 100% data capture<br>2015 = 38.1 ug/m3 with 100% data capture<br><br>Scaled factor of 0.9 for 2010-2007, 0.76 for 2006, 0.86 for 2005, 0.904 for 2004, 0.975 for 2003 and 0.73 for 2002.<br><br>All scaled annual means.",,,,,-1,0,-1,,,N116,51.6,39.8,36.3,40.7,44.0,31.6,38.15362206790123,36.02182638888889,38.1,37.959815804597696,43.0929856617647,38.0,39.61068749359604,0.89,35.253511869300475,100.0,0.95,37.63015311891623,11.0
15,63,17_left,15_right,0.31579118899999997,1,6-9 CANUTE ROAD,6-9 CANUTE ROAD,-1.3939676,50.8970779,"Nitrogen Dioxide Diffusion Tube Operational<br><br>4 metres from the kerb<br>Receptor is 4 metres from the kerb<br><br>Grid reference 442,555 - 111,021<br><br>2002 = location established<br>2003 = 42.7 ug/m3 with 50% data capture<br>2004 = 35.4 ug/m3 with 83% data capture<br>2005 = 38.7 ug/m3 with 100% data capture<br>2006 = 32.5 ug/m3 with 92% data capture<br>2007 = 36.5 ug/m3 with 100% data capture<br>2008 = 42.6 ug/m3 with 67% data capture<br>2009 = 47.5 ugm/3 with 100% data capture<br>2010 = 45.8 ug/m3 with 100% data capture<br>2011 = 41.6 ug/m3 with 91% data capture<br>2012 = 41.5 ug/m3 with 100% data capture<br>2013 = 44.8 ug/m3 with 100% data capture<br>2014 = 43.8 ug/m3 with 100% data capture<br>2015 = 38 ug/m3 with 91% data capture<br><br>Scaled factor of 0.91 for 2015 & 2014, 0.95 for 2013, 0.97 for 2012, 0.89 for 2011, 0.9 for 2010-2007, 0.76 for 2006, 0.86 for 2005, 0.904 for 2004, 0.975 for 2003 and 0.73 for 2002.<br><br>All scaled annual means.",,,,,-1,0,-1,,,N120,61.6,42.4,44.8,47.3,44.4,43.0,41.80086997126437,43.0,41.8,47.1,49.1,45.2,45.95840583093871,0.89,40.90298118953545,100.0,0.95,43.66048553939177,32.0
16,64,18_left,33_right,0.27859801100000003,1,151 PAYNES ROAD,151 PAYNES ROAD,-1.4324006999999999,50.9117744,"Nitrogen Dioxide Diffusion Tube Operational<br><br>14 metres from the kerb<br>Receptor is 14 metres from the kerb<br><br>Grid reference 439,998 - 112,634<br><br>2008 = location established<br>2009 = 33.8 ug/m3 with 41% data capture<br>2010 = 32.8 ug/m3 with 100% data capture<br>2011 = 33 ug/m with 100% data capture<br>2012 = 36.3 ug/m3 with 91% data capture<br>2013 = 30.4 ug/m3 with 100% data capture<br>2014 = 32.6 ug/m3 with 100% data capture<br>2015 = 31.5 ug/m3 with 100% data capture<br><br>Scaled factor of 0.91 for 2015 & 2014, 0.95 for 2013, 0.97 for 2012, 0.89 for 2011, 0.9 for 2010-2007, 0.76 for 2006, 0.86 for 2005, 0.904 for 2004, 0.975 for 2003 and 0.73 for 2002.<br><br>All scaled annual means.",,,,,-1,0,-1,,,N122,44.4,37.3,42.2,30.5,34.5,29.7,30.624391512345678,33.66973807870371,33.5,36.455419396551726,41.086464828431374,42.2,36.344667818002705,0.89,32.34675435802241,100.0,0.95,34.52743442710257,9.0
17,65,19_left,56_right,0.378074439,1,102 ST ANDREWS ROAD,102 ST ANDREWS ROAD,-1.399051,50.9086633,"Nitrogen Dioxide Diffusion Tube Operational<br><br>4 metres from the kerb<br>Receptor is 4 metres from the kerb<br><br>Grid reference 442,349 - 112,303<br><br>2009 = location established<br>2010 = 35.5 ug/m3 with 100% data capture<br>2011 = 33.98 ug/m3 with 100% data capture<br>2012 = 34.1 ug/m3 with 100% data capture<br>2013 = 38.1 ug/m3 with 92% data capture<br>2014 = 36.2 ug/m3 with 100% data capture<br>2015 = 32.8 ug/m3 with 91% data capture<br><br>Scaled factor of 0.91 for 2015 & 2014, 0.95 for 2013, 0.97 for 2012, 0.89 for 2011, 0.9 for 2010-2007, 0.76 for 2006, 0.86 for 2005, 0.904 for 2004, 0.975 for 2003 and 0.73 for 2002.<br><br>All scaled annual means.",,,,,-1,0,-1,,,N123,54.3,38.6,40.1,32.6,39.045939930555555,27.6,31.5,13.83543888888889,37.1,39.01045044642857,38.4,33.9,35.49931910548942,0.89,31.594394003885583,100.0,0.95,33.724353150214945,41.0
18,66,20_left,23_right,0.173033081,1,305 MILLBROOK ROAD,305 MILLBROOK ROAD (HOUSE),-1.436097,50.912868200000005,"Nitrogen Dioxide Diffusion Tube Operational<br><br>10 metres from the kerb<br>Receptor is 10 metres from the kerb<br><br>Grid reference 439,741 - 112,746<br><br>2005 = location established<br>2006 = 52.3 ug/m3 with 92% data capture<br>2007 = 52.7 ug/m3 with 83% data capture<br>2008 = 41.7 ug/m3 with 100% data capture<br>2009 = 43 ug/m3 with 100% data capture<br>2010 = 41.4 ug/m3 with 100% data capture<br>2011 = 39.7 with 100% data capture<br>2012 = 43.1 with 100% data capture<br>2013 = 39.9 with 100% data capture<br>2014 = 41.1 with 100% data capture<br>2015 = 37.3 with 100% data capture<br><br>Scaled factor of 0.91 for 2015 & 2014, 0.95 for 2013, 0.97 for 2012, 0.89 for 2011, 0.9 for 2010-2007, 0.76 for 2006, 0.86 for 2005, 0.904 for 2004, 0.975 for 2003 and 0.73 for 2002.<br><br>All scaled annual means.",,,,,-1,0,-1,,,N124,53.6,,38.5,37.9,42.8,36.4,38.8097225308642,35.91513043981482,36.0,41.057567672413796,47.726531249999994,39.9,40.78263199028117,0.89,36.29654247135024,91.0,0.95,38.74350039076711,4.0
19,67,21_left,40_right,0.311035606,1,PRINCES COURT,PRINCES COURT,-1.3879551,50.911636,"Nitrogen Dioxide Diffusion Tube Operational<br><br>5.7 metres from the kerb<br>Receptor is 5.7 metres from the kerb<br><br>Grid reference 443,126 - 112645<br><br>2007 = location established<br>2008 = 40.4 ug/m3 with 75% data capture<br>2009 = 41 ug/m3 with 100% data caputre<br>2010 = 40.9 ug/m3 with 92% data capture<br>2011 = 38 ug/m3 with 100% data capture<br>2012 = 39.4 ug/m3 with 100% data capture<br>2013 = 42.6 ug/m3 with 92% data capture<br>2014 = 40.7 ug/m3 with 100% data capture<br>2015 = 35.3 ug/m3 with 100% data capture<br><br>Scaled factor of 0.91 for 2015 & 2014, 0.95 for 2013, 0.97 for 2012, 0.89 for 2011, 0.9 for 2010-2007, 0.76 for 2006, 0.86 for 2005, 0.904 for 2004, 0.975 for 2003 and 0.73 for 2002.<br><br>All scaled annual means.",,,,,-1,0,-1,,,N125,55.7,38.4,41.2,40.2,35.0,43.1,33.7,34.3,33.4,34.9,43.4,41.1,39.53333333333333,0.89,35.184666666666665,100.0,0.95,37.556666666666665,62.0
20,68,22_left,57_right,0.38810877200000005,1,107 ST ANDREWS ROAD,107 ST. ANDREWS ROAD,-1.3987928,50.9084769,"Nitrogen Dioxide Diffusion Tube Operational<br><br>Grid reference: 442365 112288<br><br>2014 = Location established<br>2015 = 32.8 ug/m3 with 100% data capture<br><br>Scaled factor of 0.91 for 2015 & 2014, 0.95 for 2013, 0.97 for 2012, 0.89 for 2011, 0.9 for 2010-2007, 0.76 for 2006, 0.86 for 2005, 0.904 for 2004, 0.975 for 2003 and 0.73 for 2002.<br><br>All scaled annual means.",,,,,-1,0,-1,,,N126,55.2,42.4,34.0,35.9,35.59902378472222,31.0,,32.274583585858586,30.5,40.787654613095235,42.6,36.3,37.86920563487965,0.89,33.70359301504289,91.0,0.95,35.975745353135665,42.0
21,71,23_left,14_right,-0.207527358,3,SW HOUSE,CANUTE ROAD (SOUTH WESTERN HOUSE),-1.3962743,50.8971065,"Nitrogen Dioxide Diffusion Tube Operational<br><br>3.1 metres from the kerb<br>Receptor is 3.1 metres from the kerb<br><br>Grid reference 442,553 - 111,021<br><br>2007 = location established<br>2008 = 35.7 ug/m3 with 100% data capture<br>2009 = 35.5 ug/m3 with 100% data capture<br>2010 = 35 ug/m3 with 100% data capture<br>2011 = 32.4 ug/m3 with 100% data capture<br>2012 = 34.3 ug/m3 with 100% data capture<br>2013 = 35.7 ug/m3 with 100% data capture<br>2014 = 32 ug/m3 with 92% data capture<br>2015 = 28.8 ug/m3 with 100% data capture<br><br>Scaled factor of 0.91 for 2015 & 2014, 0.95 for 2013, 0.97 for 2012, 0.89 for 2011, 0.9 for 2010-2007, 0.76 for 2006, 0.86 for 2005, 0.904 for 2004, 0.975 for 2003 and 0.73 for 2002.<br><br>All scaled annual means.",,,,,-1,0,-1,,,N129,45.7,34,31.1,,33.6,19.7,29.5324283045977,30.6,37.9,34.9,37.9,35.7,33.69385711859979,0.89,29.98753283555381,91.0,0.95,32.0091642626698,32.0
22,73,24_left,24_right,-0.004477264,1,367A MILLBROOK ROAD,367 MILLBROOK ROAD,-1.4416913,50.913500799999994,"Nitrogen Dioxide Diffusion Tube Operational<br><br>9 metres from the kerb on the down pipe on front fascade <br>Receptor 9 metres from the kerb<br><br>Grid reference 439,346 - 112,821<br><br>2007 = location established <br>2008 = 46.1 ug/m3 with 75% data capture<br>2009 = 48.7 ug/m3 with 100% data capture<br>2010 = 40.7 ug/m3 with 100% data capture<br>2011 = 45.09 ug/m3 with 91% data capture<br>2012 = 47.9 ug/m3 with 100% data capture<br>2013 = 42.2 ug/m3 with 92% data capture<br>2014 = 46.6 ug/m3 with 100% data capture<br>2015 = 44.8 ug/m3 with 100% data capture<br><br>Scaled factor of 0.91 for 2015 & 2014, 0.95 for 2013, 0.97 for 2012, 0.89 for 2011, 0.9 for 2010-2007, 0.76 for 2006, 0.86 for 2005, 0.904 for 2004, 0.975 for 2003 and 0.73 for 2002.<br><br><br>All scaled annual means.",,,,,-1,0,-1,,,N130,53.6,48.3,52.2,38.2,51.2,44.8,43.665715277777785,38.70037245370371,53.0,47.57530086206897,48.100856985294115,46.7,47.17018713157038,0.89,41.98146654709764,100.0,0.95,44.81167777499186,5.0
23,120,25_left,50_right,0.163291212,1,142 ROMSEY ROAD,142 ROMSEY ROAD 1,-1.4411370000000001,50.925811200000005,"Nitrogen Dioxide Diffusion Tube Operational<br><br>5.7 metres from the kerb<br>Receptor is 5.7 metres from the kerb<br><br>Grid reference 439,380 - 114,184<br><br>2009 = location established<br>2010 = 37.5 ug/m3 with 50% data capture<br>2011 = 37.9 ug/m3 with 91% data capture<br>2012 = 39.2 ug/m3 with 100% data capture<br>2013 = 40.43 ug/m3 with 92% data capture <br>2014 = 41.6 ug/m3 with 100% data capture<br>2015 = 37.9 ug/m3 with 100% data capture<br><br>Scaled factor of 0.91 for 2015 & 2014, 0.95 for 2013, 0.97 for 2012, 0.89 for 2011, 0.9 for 2010-2007, 0.76 for 2006, 0.86 for 2005, 0.904 for 2004, 0.975 for 2003 and 0.73 for 2002.<br><br>All scaled annual means.",,,,,-1,0,-1,,,N131,52.8,41,48.0,42.4,42.8,26.8,41.871524691358026,37.331115357142856,34.2,41.50631666666667,40.22989963235293,39.8,40.72823802896004,0.89,36.24813184577444,100.0,0.95,38.69182612751204,25.0
24,121,26_left,27_right,0.23200001,1,539 MILLBROOK ROAD,539 MILLBROOK ROAD,-1.4521596,50.915347100000005,"Nitrogen Dioxide Diffusion Tube Operational<br><br>11 metres from the kerb<br>Receptor is 11 metres from the kerb<br><br>Grid reference 438,608 - 113,018<br><br>2006 = location established<br>2007 = 37.1 ug/m3 with 42% data capture<br>2008 = 40.1 ug/m3 with 100% data capture<br>2009 = 35.4 ug/m3 with 100% data capture<br>2010 = 31.4 ug/m3 with 100% data capture<br>2011 = 32.9 ug/m3 with 91% data capture<br>2012 = 34.5 ug/m3 with 91% data capture<br>2013 = 31.5 ug/m3 with 100% data capture<br>2014 = 32.4 ug/m3 with 100% data capture<br>2015 = 30.7 ug/m3 with 100% data capture<br><br>Scaled factor of 0.91 for 2015 & 2014, 0.95 for 2013, 0.97 for 2012, 0.89 for 2011, 0.9 for 2010-2007, 0.76 for 2006, 0.86 for 2005, 0.904 for 2004, 0.975 for 2003 and 0.73 for 2002.<br><br>All scaled annual means.",,,,,-1,0,-1,,,N133,43.8,35,37.4,29.7,33.7,28.3,30.37596512345679,29.067479976851853,34.1,36.27354755747127,37.3971643382353,32.1,33.93451308300127,0.89,30.20171664387113,100.0,0.95,32.237787428851206,8.0
25,122,27_left,25_right,0.150411027,1,LADBROKES MILLBROOK ROAD,433-435 MILLBROOK ROAD (LADBROKES),-1.4468851,50.9139066,"Nitrogen Dioxide Diffusion Tube Operational<br><br>12 metres from the kerb<br>Receptor is 12 metres from the kerb<br><br>Grid reference 438,953 - 112,866<br><br>2006 = location established<br>2007 = 46 ug/m3 with 42% data capture<br>2008 = 46.1 ug/m3 with 100% data capture<br>2009 = 43.2 ug/m3 with 100% data capture<br>2010 = 39.8 ug/m3 with 100% data capture<br>2011 = 39.8 ug/m3 with 91% data capture<br>2012 = 39.2 ug/m3 with 100% data capture<br>2013 = 41.2 ug/m3 with 92% data capture<br>2014 = 39.6 ug/m3 with 100% data capture<br>2015 = 37.6 ug/m3 with 100% data capture<br><br>Scaled factor of 0.91 for 2015 & 2014, 0.95 for 2013, 0.97 for 2012, 0.89 for 2011, 0.9 for 2010-2007, 0.76 for 2006, 0.86 for 2005, 0.904 for 2004, 0.975 for 2003 and 0.73 for 2002.<br><br>All scaled annual means.",,,,,-1,0,-1,,,N134,55.6,41.2,48.6,43.1,44.1,34.5,35.32538317901234,35.1252619212963,40.8,40.23321379310345,41.445615196078435,40.7,41.727456174124214,0.89,37.13743599497055,100.0,0.95,39.641083365418,6.0
26,125,29_left,58_right,0.287736606,1,TOWN QUAY ROAD,TOWN QUAY,-1.4051864,50.896849100000004,"Nitrogen Dioxide Diffusion Tube Operational<br><br>0.8 metres from the kerb<br>Receptor is 1.6 metres from the kerb<br><br>Grid reference 441,898 - 111,007<br><br>2001 = location established<br>2002 = 37.5 ug/m3 (no data for data capture)<br>2003 = 57.3 ug/m3 with 58% data capture<br>2004 = 41.4 ug/m3 with 100% data capture<br>2005 = 51.1 ug/m3 with 100% data capture<br>2006 = 37.8 ug/m3 with 75% data capture<br>2007 = 45.4 ug/m3 with 100% data capture<br>2008 = 42.2 ug/m3 with 100% data capture<br>2009 = 43.5 ug/m3 with 75% data capture<br>2010 = 41.4 ug/m3 with 100% data capture<br>2011 = 38.5 ug/m3 with 91% data capture<br>2012 = 39.2 ug/m3 with 100% data capture<br>2013 = 40.7 ug/m3 with 100% data capture<br>2014 = 43.9 ug/m3 with 92% data capture<br>2015 = 30.5 ug/m3 with 91% data capture<br><br>Scaled factor of 0.91 for 2015 & 2014, 0.95 for 2013, 0.97 for 2012, 0.89 for 2011, 0.9 for 2010-2007, 0.76 for 2006, 0.86 for 2005, 0.904 for 2004, 0.975 for 2003 and 0.73 for 2002.<br><br>All scaled annual means.",,,,,-1,0,-1,,,N141,48.5,36.8,38.4,43.8,41.1,41.9,33.22324051724138,33.5,28.2,34.9,41.8,30.9,37.75193670977011,0.89,33.5992236716954,100.0,0.95,35.864339874281605,33.0
27,173,30_left,48_right,0.212223808,1,102 ROMSEY ROAD,102 ROMSEY ROAD,-1.4398663999999999,50.9254356,"Nitrogen Dioxide Diffusion Tube Operational <br><br>Grid reference: 439468 110993<br><br>2010 = Location established <br>2011 = 36.7 ug/m3 with 100% data capture<br>2012 = 37.4 ugm3 with 100% data capture<br>2013 = 36.9 ug/m3 with 100% data capture<br>2014 = 40.1 ug/m3 with 100% data capture<br>2015 = 34.4 ug/m3 with 100% data capture<br><br>Scaled factor of 0.91 for 2015 & 2014, 0.95 for 2013, 0.97 for 2012, 0.89 for 2011, 0.9 for 2010-2007, 0.76 for 2006, 0.86 for 2005, 0.904 for 2004, 0.975 for 2003 and 0.73 for 2002.<br><br>All scaled annual means.",,,,,-1,0,-1,,,N143,48.5,41,46.3,40.1,40.4,36.4,37.65039938271605,35.984698928571426,43.3,42.68565952380953,46.70640931372549,40.7,41.64393059573521,0.89,37.06309823020434,100.0,0.95,39.56173406594845,23.0
28,174,31_left,31_right,0.258529344,1,208 NORTHAM ROAD,208 NORTHAM ROAD,-1.3876283999999999,50.9122447,"Nitrogen Dioxide Diffusion Tube Operational<br><br>Grid reference: 443147 112709<br><br>2010 = Location established<br>2011 = 35.4 ug/m3 with 91% data capture<br>2012 = 35.6 ug/m3 with 100% data capture<br>2013 = 34.4 ug/m3 with 92% data capture<br>2014 = 33.5 ug/m3 with 100% data capture<br>2015 = 31.1 ug/m3 with 91% data capture<br><br>Scaled factor of 0.91 for 2015 & 2014, 0.95 for 2013, 0.97 for 2012, 0.89 for 2011, 0.9 for 2010-2007, 0.76 for 2006, 0.86 for 2005, 0.904 for 2004, 0.975 for 2003 and 0.73 for 2002.<br><br>All scaled annual means.",,,,,-1,0,-1,,,N144,52.3,,43.0,38.0,32.1,44.5,36.0,36.7,35.4,43.0,49,47.5,41.59090909090909,0.89,37.01590909090909,91.0,0.95,39.51136363636364,
29,175,32_left,32_right,0.258529344,1,222 NORTHAM ROAD,222 NORTHAM ROAD,-1.3873957000000001,50.9125346,"Nitrogen Dioxide Diffusion Tube Operational<br><br>Grid reference: 443164 112741<br><br>2010 = Site established<br>2011 = 31.1 ug/m3 with 100% data capture<br>2012 = 31.7 ug/m3 with 100% data capture<br>2013 = 39.1 ug/m3 with 83% data capture<br>2014 = 31.1 ug/m3 with 100% data capture<br>2015 = 28.7 ug/m3 with 100% data capture<br><br>Scaled factor of 0.91 for 2015 & 2014, 0.95 for 2013, 0.97 for 2012, 0.89 for 2011, 0.9 for 2010-2007, 0.76 for 2006, 0.86 for 2005, 0.904 for 2004, 0.975 for 2003 and 0.73 for 2002.<br><br>All scaled annual means.",,,,,-1,0,-1,,,N146,44.7,35.1,33.7,30.7,31.8,34.8,30.0,29.0,32.9,34.9,40.3,38.5,34.699999999999996,0.89,30.882999999999996,100.0,0.95,32.964999999999996,
30,176,33_left,12_right,0.401459426,1,44B BURGESS ROAD,44B BURGESS ROAD,-1.4100413,50.9351885,"Nitrogen Dioxide Diffusion Tube Operational<br><br>Grid reference: 441552 115247<br><br>2010 = Location established<br>2011 = 28.5 ug/m3 with 91% data capture<br>2012 = 33.1 ug/m3 with 100% data capture<br>2013 = 34.3 ug/m3 with 92% data capture<br>2014 = 36.1 ug/m3 with 100% data capture<br>2015 = 32.5 ug/m3 with 91% data capture<br><br>Scaled factor of 0.91 for 2015 & 2014, 0.95 for 2013, 0.97 for 2012, 0.89 for 2011, 0.9 for 2010-2007, 0.76 for 2006, 0.86 for 2005, 0.904 for 2004, 0.975 for 2003 and 0.73 for 2002.<br><br>All scaled annual means.",,,,,-1,0,-1,,,N149,51.1,41,36.1,24.1,29.548407986111116,29.3,30.7,28.44569015151515,20.2,37.50351235119048,38.2,31.7,33.158134207401396,0.89,29.510739444587244,100.0,0.95,31.500227497031325,53.0
31,177,34_left,49_right,0.22225814100000002,1,134 ROMSEY ROAD,134 ROMSEY ROAD,-1.4408236,50.9257066,"Nitrogen Dioxide Diffusion Tube Operational<br><br>0 metres from kerb<br>Receptor is 0 metres from the kerb<br><br>Grid reference 439,396 - 114,176<br><br>2006 = location established<br>2007 = 45.9 ug/m3 with 17% data capture<br>2008 = 40.5 ug/m3 with 100% data capture<br>2009 = 43.8 ug/m3 with 100% data capture<br>2010 = Inactive<br>2011 = 40.2 ug/m3 with 50% data capture<br>2012 = 38.8 ug/m3 with 100% data capture<br>2013 = 40.2 ug/m3 with 92% data capture<br>2014 = 42.8 ug/m3 with 92% data capture<br>2015 = 37.4 ug/m3 with 100% data capture<br><br>Scaled factor of 0.91 for 2015 & 2014, 0.95 for 2013, 0.97 for 2012, 0.89 for 2011, 0.9 for 2010-2007, 0.76 for 2006, 0.86 for 2005, 0.904 for 2004, 0.975 for 2003 and 0.73 for 2002.<br><br>All scaled annual means.",,,,,-1,0,-1,,,N151,48.4,40.3,47.4,42.6,43.9,42.5,40.90966867283951,39.611178214285715,37.9,42.9088337797619,48.26104142156863,44.5,43.26589350737131,0.89,38.50664522156047,100.0,0.95,41.10259883200274,24.0
32,178,35_left,22_right,0.155517803,1,M271,M271,-1.4702823,50.9228884,"Nitrogen Dioxide Diffusion Tube Operational (Highways Agency)<br><br>3 metres from the kerb placed on the post<br>Receptor is 10 metres from the kerb<br><br>Grid reference 437,353 - 113,875<br><br>2006 = location established<br>2007 = 47.3 ug/m3 with 100% data capture<br>2008 = 58.4 with 100% data capture<br>2009 = 53.9 ug/m3 with 100% data capture<br>2010 =  54 ug/m3 with 83% data capture<br>2011 = 54.1 ug/m3 with 75% data capture<br>2012 = 59.7 ug/m3 with 100% data capture<br>2013 = 58.4 ug/m3 with 100% data capture<br>2014 = 56.9 ug/m3 with 92% data capture<br>2015 = 49.1 ug/m3 with 100% data capture<br><br>Scaled factor of 0.91 for 2015 & 2014, 0.95 for 2013, 0.97 for 2012, 0.89 for 2011, 0.9 for 2010-2007, 0.76 for 2006, 0.86 for 2005, 0.904 for 2004, 0.975 for 2003 and 0.73 for 2002.<br><br>All scaled annual means.",,,,,-1,0,-1,,,N152,64.8,51.6,54.6,54.6,53.2,46.3,48.727668364197534,50.1,50.0,52.422580747126446,57.83838455882353,46.8,52.582386139178965,0.89,46.798323663869276,100.0,0.95,49.95326683222002,2.0
33,179,36_left,18_right,0.199562415,1,CONISTON ROAD,CONISTON ROAD,-1.4703271,50.9229651,"Nitrogen Dioxide Diffusion Tube Operational (Highways Agency)<br><br>15 metres from the kerb/M271 and Redbridge Roundabout<br>Receptor is 14 metres from the kerb (behind acoustic fence)<br><br>Grid reference 437,325 - 113,860<br><br>2006 = location established<br>2007 = 43.9 ug/m3 with 100% data capture<br>2008 = 34.1 ug/m3 with 100% data capture<br>2009 = 36.3 ug/m3 with 92% data capture<br>2010 = 34 ug/m3 with 83% data capture<br>2011 = 37.7 ug/m3 with 66% data capture<br>2012 = 35.5 ug/m3 with 91% data capture<br>2013 = 31.9 ug/m3 with 75% data capture<br>2014 = 37.7 ug/m3 with 100% data capture<br>2015 = 31.2 ug/m3 with 100% data capture<br><br>Scaled factor of 0.91 for 2015 & 2014, 0.95 for 2013, 0.97 for 2012, 0.89 for 2011, 0.9 for 2010-2007, 0.76 for 2006, 0.86 for 2005, 0.904 for 2004, 0.975 for 2003 and 0.73 for 2002.<br><br>All scaled annual means.",,,,,-1,0,-1,,,N153,47.4,36,36.7,30.6,42.1,30.0,35.54408333333333,33.8,29.5,30.036529597701154,29.666157598039216,31.0,34.36223087742281,0.89,30.5823854809063,100.0,0.95,32.64411933355167,1.0
34,185,39_left,35_right,0.307368093,1,24 PORTSMOUTH ROAD,24 PORTSMOUTH ROAD,-1.3785315,50.8979397,"Nitrogen Dioxide Diffusion Tube Operational<br><br>Grid reference: 443801 111111<br><br>2011 = Location established<br>2012 = 39.3 ug/m3 with 41% data capture<br>2013 = 38.3 ug/m3 with 92% data capture<br>2014 = missing data<br>2015 = 36.6 ug/m3 with 91% data capture<br><br>Scaled factor of 0.91 for 2015 & 2014, 0.95 for 2013, 0.97 for 2012, 0.89 for 2011, 0.9 for 2010-2007, 0.76 for 2006, 0.86 for 2005, 0.904 for 2004, 0.975 for 2003 and 0.73 for 2002.<br><br>All scaled annual means.",,,,,-1,0,-1,,,N158,51.0,45.3,40.2,37.8,44.1,41.5,33.6686005952381,36.75946166666667,40.5,38.35935491071429,45.748675,45.5,41.70300768105158,0.89,37.115676836135904,100.0,0.95,39.617857296999,17.0
35,186,40_left,36_right,0.307368093,1,35 PORTSMOUTH ROAD,35 PORTSMOUTH ROAD,-1.3794482,50.8981507,"Nitrogen Dioxide Diffusion Tube Operational<br><br>Grid reference: 443745 111151<br><br>2011 = Location established<br>2012 = 30.2 ug/m3 with 33% data capture<br>2013 = 32.3 ug/m3 with 92% data capture<br>2014 = missing data<br>2015 = 25.9 ug/m3 with 100% data capture<br><br>Scaled factor of 0.91 for 2015 & 2014, 0.95 for 2013, 0.97 for 2012, 0.89 for 2011, 0.9 for 2010-2007, 0.76 for 2006, 0.86 for 2005, 0.904 for 2004, 0.975 for 2003 and 0.73 for 2002.<br><br>All scaled annual means.",,,,,-1,0,-1,,,N159,48.4,35.8,35.7,40.6,33.5,32.3,30.2247556547619,33.589977738095236,37.3,38.23855416666667,43.05757647058824,29.4,36.50923866917601,0.89,32.49322241556665,100.0,0.95,34.6837767357172,19.0
36,187,41_left,20_right,0.132218803,1,2 DORSET STREET,2 DORSET ROAD,-1.4008801000000002,50.913962899999994,"Nitrogen Dioxide Diffusion Tube Operational<br><br>Grid reference: 442218 112890<br><br>2012 = Location established<br>2013 = 33.7 ug/m3 with 83% data capture<br>2014 = 32 ug/m3 with 100% data capture<br>2015 = 32.6 ug/m3 with 91% data capture<br><br>Scaled factor of 0.91 for 2015 & 2014, 0.95 for 2013, 0.97 for 2012, 0.89 for 2011, 0.9 for 2010-2007, 0.76 for 2006, 0.86 for 2005, 0.904 for 2004, 0.975 for 2003 and 0.73 for 2002.<br><br>All scaled annual means.",,,,,-1,0,-1,,,N160,52.5,40.2,34.5,31.4,34.60292951388889,22.0,29.0,26.70864705882353,,,35.7,59.7,36.63115765727124,0.89,32.601730314971405,83.0,0.95,34.799599774407675,43.0
37,194,42_left,3_right,0.39007120100000003,1,30 ADDIS SQUARE,30 ADDIS SQUARE,-1.3937597,50.9250124,"Nitrogen Dioxide Diffusion Tube Operational<br><br>Grid reference: 442703 114127<br><br>2012 = Location established<br>2013 = 37 ug/m3 with 92% data capture<br>2014 = 35.2 ug/m3 with 100% data capture<br>2015 = 32.5 ug/m3 with 100% data capture<br><br>Scaled factor of 0.91 for 2015 & 2014, 0.95 for 2013, 0.97 for 2012, 0.89 for 2011, 0.9 for 2010-2007, 0.76 for 2006, 0.86 for 2005, 0.904 for 2004, 0.975 for 2003 and 0.73 for 2002.<br><br>All scaled annual means.",,,,,-1,0,-1,,,N161,54.3,40.7,35.5,36.0,28.66867827380952,29.0,28.0,31.638751010101007,31.7,31.2,42.2,34.7,35.30061910699254,0.89,31.417551005223363,100.0,0.95,33.53558815164291,46.0
38,195,43_left,38_right,0.246789927,1,263A PORTSWOOD ROAD,263A PORTSWOOD ROAD,-1.3912973,50.9269181,"Nitrogen Dioxide Diffusion Tube Operational<br><br>Grid reference: 442877 114342<br><br>2012 = Location established<br>2013 = 44.3 ug/m3 with 83% data capture<br>2014 = 41.9 ug/m3 with 100% data capture<br>2015 = 37.7 ug/m3 with 91% data capture<br><br>Scaled factor of 0.91 for 2015 & 2014, 0.95 for 2013, 0.97 for 2012, 0.89 for 2011, 0.9 for 2010-2007, 0.76 for 2006, 0.86 for 2005, 0.904 for 2004, 0.975 for 2003 and 0.73 for 2002.<br><br>All scaled annual means.",,,,,-1,0,-1,,,N162,60.7,43.8,32.8,40.6,,43.0,,36.9807869949495,42.9,43.36541964285714,45.4,45.8,43.534620663780665,0.89,38.74581239076479,83.0,0.95,41.35788963059163,47.0
39,199,45_left,37_right,-0.147129027,1,168 PORTSWOOD ROAD (INT.FOOD),168-174 PORTSWOOD ROAD (INTERNATIONAL STORES),-1.3922593,50.9260402,,,,,,-1,0,-1,,,N164,56.4,45.8,41.0,32.2,35.2,34.7,34.8,31.793366035353536,34.0,37.824965178571425,38.2,30.2,37.67652760116041,0.89,33.53210956503276,100.0,0.95,35.792701221102384,49.0
40,246,46_left,11_right,0.466553409,1,8 THE BROADWAY,8 THE BROADWAY,-1.3928893999999998,50.925512,"Nitrogen Dioxide Diffusion Tube Operational<br><br>Grid reference: 442767 114184<br><br>2012 = Location established<br>2013 = 50.8 ug/m3 with 33% data capture<br>2014 = 57.2 ug/m3 with 75% data capture<br>2015 = 32.3 ug/m3 with 91% data capture<br><br>Scaled factor of 0.91 for 2015 & 2014, 0.95 for 2013, 0.97 for 2012, 0.89 for 2011, 0.9 for 2010-2007, 0.76 for 2006, 0.86 for 2005, 0.904 for 2004, 0.975 for 2003 and 0.73 for 2002.<br><br>All scaled annual means.",,,,,-1,0,-1,,,N165,55.6,39.5,38.0,33.1,36.664049553571424,32.0,34.9,28.051334974747473,33.4,38.553864583333336,37.3,31.7,36.564104092637685,0.89,32.54205264244754,100.0,0.95,34.7358988880058,50.0
41,247,47_left,29_right,0.324977219,1,14 NEW ROAD,14 NEW ROAD,-1.4004353,50.907090999999994,"Nitrogen Dioxide Diffusion Tube Operational<br><br>Grid reference: 442210 112140<br><br>2011 = Location established<br>2012 = 46.2 ug/m3 with 91% data capture <br>2013 = 40.7 ug/m3 with 66% data capture <br>2014 = 50.5 ug/m3 with 17% data capture  <br>2015 = 38.1 ug/m3 with 91% data capture<br><br>Scaled factor of 0.91 for 2015 & 2014, 0.95 for 2013, 0.97 for 2012, 0.89 for 2011, 0.9 for 2010-2007, 0.76 for 2006, 0.86 for 2005, 0.904 for 2004, 0.975 for 2003 and 0.73 for 2002.<br><br>All scaled annual means.",,,,,-1,0,-1,,,N166,58.9,,40.7,34.4,41.1,34.7,33.6,37.9,39.1,,,,40.050000000000004,0.89,35.64450000000001,66.0,0.95,38.0475,37.0
42,248,48_left,46_right,0.22225814100000002,1,13 ROMSEY ROAD,13 ROMSEY ROAD,-1.4356863000000002,50.9241849,"Nitrogen Dioxide Diffusion Tube Operational<br><br>Grid reference: 439757 114013<br><br>2011 = Location established<br>2012 = 34 ug/m3 with 50% data capture<br>2013 = 38.1 ug/m3 with 92% data capture<br>2014 = 38 ug/m3 with 100% data capture<br>2015 = 33.5 ug/m3 with 91% data capture<br><br>Scaled factor of 0.91 for 2015 & 2014, 0.95 for 2013, 0.97 for 2012, 0.89 for 2011, 0.9 for 2010-2007, 0.76 for 2006, 0.86 for 2005, 0.904 for 2004, 0.975 for 2003 and 0.73 for 2002.<br><br>All scaled annual means.",,,,,-1,0,-1,,,N167,56.1,38.4,43.7,48.0,40.3,33.4,30.21459413580247,33.188673571428566,33.5,35.68331130952381,45.86501948529412,36.4,39.562633208504074,0.89,35.21074355556863,100.0,0.95,37.58450154807887,21.0
43,249,49_left,47_right,0.22225814100000002,1,23 ROMSEY ROAD,23 ROMSEY ROAD,-1.4360262,50.9243249,"Nitrogen Dioxide Diffusion Tube Operational<br><br>Grid reference: 439736 114025<br><br>2011 = Location established<br>2012 = 35.9 ug/m3 with 50% data capture<br>2013 = 43 ug/m3 with 92% data capture<br>2014 = 43.3 ug/m3 with 100% data capture<br>2015 = 36.4 ug/m3 with 100% data capture<br><br>Scaled factor of 0.91 for 2015 & 2014, 0.95 for 2013, 0.97 for 2012, 0.89 for 2011, 0.9 for 2010-2007, 0.76 for 2006, 0.86 for 2005, 0.904 for 2004, 0.975 for 2003 and 0.73 for 2002.<br><br>All scaled annual means.",,,,,-1,0,-1,,,N168,61.3,35.6,46.0,48.0,42.4,33.6,32.09371682098766,33.33445345238095,36.4,37.837250000000004,49.45483700980392,39.0,41.25168810693104,0.89,36.71400241516863,100.0,0.95,39.189103701584486,22.0
44,250,50_left,51_right,0.22225814100000002,1,150 ROMSEY ROAD,150 ROMSEY ROAD,-1.4413041000000002,50.925880600000006,"Nitrogen Dioxide Diffusion Tube Operational<br><br>Grid reference: 439368 114193<br><br>2013 = Location established <br>2014 = 42.6 ug/m3 with 42% data capture<br>2015 = 40.6 ug/m3 with 100% data capture<br><br>Scaled factor of 0.91 for 2015 & 2014, 0.95 for 2013, 0.97 for 2012, 0.89 for 2011, 0.9 for 2010-2007, 0.76 for 2006, 0.86 for 2005, 0.904 for 2004, 0.975 for 2003 and 0.73 for 2002.<br><br>All scaled annual means.",,,,,-1,0,-1,,,N169,61.8,47,56.3,47.2,53.5,43.3,50.456036574074076,43.25076130952381,49.3,48.60899092261904,49.52396924019608,44.9,49.59497983720109,0.89,44.139532055108965,100.0,0.95,47.11523084534103,26.0
45,251,51_left,16_right,0.293978481,1,UNION CASTLE HOUSE (2),100 CANUTE ROAD (UNION CASTLE HOUSE 2),-1.3975111999999998,50.8968974,"Nitrogen Dioxide Diffusion Tube Operational<br><br>Grid reference: 442461 110996<br><br>2013 = Location established <br>2014 = 43.8 ug/m3 with 42% data capture<br>2015 = 38.7 ug/m3 with 83% data capture<br><br>Scaled factor of 0.91 for 2015 & 2014, 0.95 for 2013, 0.97 for 2012, 0.89 for 2011, 0.9 for 2010-2007, 0.76 for 2006, 0.86 for 2005, 0.904 for 2004, 0.975 for 2003 and 0.73 for 2002.<br><br>All scaled annual means.",,,,,-1,0,-1,,,N170,57.7,44.5,48.9,46.4,41.6,,38.86719813218391,42.3,43.5,46.6,50.3,,46.0667198132184,0.89,40.999380633764375,83.0,0.95,43.76338382255748,35.0
46,252,52_left,30_right,0.27859801100000003,1,132 NEWTON ROAD,132 NEWTON ROAD,-1.3723568000000002,50.9297963,"Nitrogen Dioxide Diffusion Tube Operational<br><br>Grid reference: 444211 114669<br><br>2013 = Location established <br>2014 = 23.1 ug/m3 with 33% data capture<br>2015 = 17.2 ug/m3 with 100% data capture<br><br>Scaled factor of 0.91 for 2015 & 2014, 0.95 for 2013, 0.97 for 2012, 0.89 for 2011, 0.9 for 2010-2007, 0.76 for 2006, 0.86 for 2005, 0.904 for 2004, 0.975 for 2003 and 0.73 for 2002.<br><br>All scaled annual means.",,,,,-1,0,-1,,,N171,34.5,23.6,21.6,16.0,16.3,14.6,14.1,14.5,16.6,22.1,0,47.2,20.091666666666665,0.89,17.88158333333333,100.0,0.95,19.087083333333332,56.0
47,253,53_left,28_right,0.324977219,1,4 NEW ROAD,4 NEW ROAD,-1.4010855,50.9070659,"Nitrogen Dioxide Diffusion Tube Operational<br><br>Grid reference: 442313 112124<br><br>2014 = Location established<br>2015 = 42.9 ug/m3 with 91% data capture<br><br>Scaled factor of 0.91 for 2015 & 2014, 0.95 for 2013, 0.97 for 2012, 0.89 for 2011, 0.9 for 2010-2007, 0.76 for 2006, 0.86 for 2005, 0.904 for 2004, 0.975 for 2003 and 0.73 for 2002.<br><br>All scaled annual means.",,,,,-1,0,-1,,,N172,62.4,55.4,55.8,42.7,50.8,39.7,33.6,50.0,47.7,,53.5,44.6,48.74545454545455,0.89,43.38345454545455,91.0,0.95,46.30818181818182,37.0
48,301,55_left,6_right,0.160054594,1,166A BITTERNE ROAD WEST,166A BITTERNE ROAD,-1.3760368,50.9176363,"Nitrogen Dioxide Diffusion Tube Operational<br><br>Grid reference: 443959 113317<br><br>2014 = Location established<br>2015 = 36.9 ug/m3 with 58% data capture<br><br>Scaled factor of 0.91 for 2015 & 2014, 0.95 for 2013, 0.97 for 2012, 0.89 for 2011, 0.9 for 2010-2007, 0.76 for 2006, 0.86 for 2005, 0.904 for 2004, 0.975 for 2003 and 0.73 for 2002.<br><br>All scaled annual means.",,,,,-1,0,-1,,,N174,58.1,45.6,48.7,44.4,45.9,54.7,42.5,38.9,41.8,48.2,50.5,46.0,47.10833333333333,0.89,41.92641666666666,100.0,0.95,44.75291666666666,
49,302,56_left,53_right,0.430096087,1,38 SHIRLEY HIGH STREET,38 SHIRLEY HIGH STREET,-1.4329203000000001,50.9217406,"Nitrogen Dioxide Diffusion Tube Operational<br><br>Grid reference: 439958 113740<br><br>2014 = Location established<br>2015 = 39.4 ug/m3 with 50% data capture<br><br>Scaled factor of 0.91 for 2015 & 2014, 0.95 for 2013, 0.97 for 2012, 0.89 for 2011, 0.9 for 2010-2007, 0.76 for 2006, 0.86 for 2005, 0.904 for 2004, 0.975 for 2003 and 0.73 for 2002.<br><br>All scaled annual means.",,,,,-1,0,-1,,,N175,62.6,44.2,42.3,40.2,48.7,42.3,41.6,41.0,36.9,45.3,48.5426287990196,46.3,44.99521906658497,0.89,40.045744969260625,100.0,0.95,42.74545811325572,30.0
50,303,57_left,55_right,0.357320966,1,"SALISBURY ARMS, SHIRLEY HIGH ST",126 SHIRLEY HIGH STREET (SALISBURY ARMS),-1.4354848,50.9236705,"Nitrogen Dioxide Diffusion Tube Operational<br><br>Grid reference: 439776 113948<br><br>2014 = Location established<br>2015 = 38.4 ug/m3 with 41% data capture<br><br>Scaled factor of 0.91 for 2015 & 2014, 0.95 for 2013, 0.97 for 2012, 0.89 for 2011, 0.9 for 2010-2007, 0.76 for 2006, 0.86 for 2005, 0.904 for 2004, 0.975 for 2003 and 0.73 for 2002.<br><br>All scaled annual means.",,,,,-1,0,-1,,,N176,61.8,41,49.0,41.5,47.3,33.6,33.7,36.1,33.1,38.4,40.841972794117645,33.9,40.85349773284314,0.89,36.359612982230395,100.0,0.95,38.81082284620098,28.0
51,306,58_left,54_right,0.49277010299999996,1,"WINDSOR CASTLE PUB, 95 SHIRLEY HIGH ST",95 SHIRLEY HIGH STREET (WINDSOR CASTLE),-1.434493,50.92325579999999,"Nitrogen Dioxide Diffusion Tube Operational<br><br>Grid reference: 439852 113913<br><br>2014 = Location established<br>2015 = 37.1 ug/m3 with 50% data capture<br><br>Scaled factor of 0.91 for 2015 & 2014, 0.95 for 2013, 0.97 for 2012, 0.89 for 2011, 0.9 for 2010-2007, 0.76 for 2006, 0.86 for 2005, 0.904 for 2004, 0.975 for 2003 and 0.73 for 2002.<br><br>All scaled annual means.",,,,,-1,0,-1,,,N177,62.1,49,38.5,44.5,42.3,35.6,40.6,38.1,36.5,38.1,43.36782843137255,42.5,42.59731903594772,0.89,37.91161394199347,100.0,0.95,40.467453084150335,29.0
52,309,59_left,21_right,0.036880539,1,2 GOVER ROAD (NEW SEPT 15),2 GOVER ROAD,-1.4711823,50.9228145,"Nitrogen Dioxide Diffusion Tube Operational<br><br>Grid reference: 437182 113765<br><br>2014 = Location established<br>2015 = 27.9 ug/m3 with 33% data capture<br><br>Scaled factor of 0.91 for 2015 & 2014, 0.95 for 2013, 0.97 for 2012, 0.89 for 2011, 0.9 for 2010-2007, 0.76 for 2006, 0.86 for 2005, 0.904 for 2004, 0.975 for 2003 and 0.73 for 2002.<br><br>All scaled annual means.",,,,,-1,0,-1,,,N178,38.5,29.1,32.3,26.0,34.2,24.2,27.02751712962963,24.10213715277778,24.9,28.08140732758621,26.573754901960786,24.5,28.290401375996197,0.89,25.178457224636617,100.0,0.95,26.875881307196387,3.0
53,314,60_left,17_right,0.324977219,1,5 COMMERCIAL ROAD,5 COMMERCIAL ROAD,-1.4092360000000002,50.908934,"Nitrogen Dioxide Diffusion Tube Operational<br><br>2 metres from the kerb<br>Receptor is 4 metres from the kerb<br><br>Grid reference 441,629 - 112,332<br><br>2003 = location established<br>2004 = 40.5 ug/m3 with 75% data capture<br>2005 = 43.52 ug/m3 with 100% data capture<br>2006 = 41.9 ug/m3 with 83% data capture<br>2007 = 44.5 ug/m3 with 100% data capture<br>2008 = 45.3 ug/m3 with 100% data capture<br>2009 = 47 ug/m3 with 83% data capture<br>2010 = 50.4 ug/m3 with 100% data capture<br>2011 = 47 ug/m3 with 100% data capture<br>2012 = 43.5 ug/m3 with 100% data capture<br>2013 = 50.1 ug/m3 with 100% data capture<br>2014 = 55.6 ug/m3 with 100% data capture<br>2015 = 49.6 ug/m3 with 100% data capture<br><br>Scaled factor of 0.91 for 2015 & 2014, 0.95 for 2013, 0.97 for 2012, 0.89 for 2011, 0.9 for 2010-2007, 0.76 for 2006, 0.86 for 2005, 0.904 for 2004, 0.975 for 2003 and 0.73 for 2002.<br><br>All scaled annual means.",,,,,-1,0,-1,,,N179,61.2,55.6,63.2,46.2,54.7,44.3,52.10796589506173,48.59711559523809,54.4,52.69538850574713,53.32286960784313,39.9,52.18527830032417,0.89,46.44489768728851,100.0,0.95,49.57601438530796,27.0
